{
  "created_at": "2026-01-21T16:31:30.515155+00:00",
  "engine": "vectorbtpro",
  "mode": "hydra",
  "fees_bps": 1.0,
  "slippage_bps": 0.5,
  "threshold": 0.005,
  "stats": {
    "Total Return [%]": 1.1675915823542908,
    "Sharpe Ratio": 59.155738098178006,
    "Max Drawdown [%]": 0.47668307855967634,
    "Total Trades": 4.0,
    "Win Rate [%]": 100.0,
    "Profit Factor": Infinity
  }
}