{
  "created_at": "2026-01-21T14:44:07.911936+00:00",
  "engine": "vectorbtpro",
  "mode": "hydra_lite",
  "fees_bps": 1.0,
  "slippage_bps": 0.5,
  "threshold": 0.15,
  "stats": {
    "Total Return [%]": -4.294601302989534,
    "Sharpe Ratio": -31.106985710588116,
    "Max Drawdown [%]": 4.978882989280422,
    "Total Trades": 4.0,
    "Win Rate [%]": 33.33333333333333,
    "Profit Factor": 0.013736477444583495
  }
}