{
  "created_at": "2026-01-21T14:26:41.603640+00:00",
  "engine": "vectorbtpro",
  "fees_bps": 1.0,
  "slippage_bps": 0.5,
  "strategies": {
    "momentum": {
      "Total Return [%]": -1.4148924865931036,
      "Sharpe Ratio": -27.65125237888371,
      "Max Drawdown [%]": 1.7892538269685738,
      "Total Trades": 11.0,
      "Win Rate [%]": 10.0,
      "Profit Factor": 0.12367964361195029
    },
    "mean_reversion": {
      "Total Return [%]": -1.532485690293072,
      "Sharpe Ratio": -11.91035089582663,
      "Max Drawdown [%]": 2.0055894459063808,
      "Total Trades": 22.0,
      "Win Rate [%]": 50.0,
      "Profit Factor": 0.49478962561708417
    },
    "vol_gated_momentum": {
      "Total Return [%]": -0.5328359096970985,
      "Sharpe Ratio": -18.799248688991113,
      "Max Drawdown [%]": 0.7865967274340447,
      "Total Trades": 4.0,
      "Win Rate [%]": 0.0,
      "Profit Factor": 0.0
    }
  }
}