{
  "per_symbol_quote_pnl": {
    "BTCUSDT": 5.569999999982533e-6
  },
  "qty_scale": 1000000,
  "total_quote_pnl": 5.569999999982533e-6,
  "venue": "binance"
}