{
  "created_at": "2026-01-21T15:13:41.101293+00:00",
  "engine": "vectorbtpro",
  "mode": "hydra_lite",
  "fees_bps": 1.0,
  "slippage_bps": 0.5,
  "threshold": 0.01,
  "stats": {
    "Total Return [%]": 1.016343277239514,
    "Sharpe Ratio": 79.1138404166269,
    "Max Drawdown [%]": 0.49712724963172056,
    "Total Trades": 1.0,
    "Win Rate [%]": NaN,
    "Profit Factor": NaN
  }
}