{
  "per_symbol_quote_pnl": {
    "BTCUSDT": -0.00008463849499999732
  },
  "qty_scale": 1000000,
  "total_quote_pnl": -0.00008463849499999732,
  "venue": "binance"
}