{
  "created_at": "2026-01-21T16:35:29.151220+00:00",
  "engine": "vectorbtpro",
  "mode": "hydra",
  "fees_bps": 1.0,
  "slippage_bps": 0.5,
  "threshold": 0.004,
  "stats": {
    "Total Return [%]": -1.132680032566057,
    "Sharpe Ratio": -237.62566440910905,
    "Max Drawdown [%]": 1.1326800325660713,
    "Total Trades": 1.0,
    "Win Rate [%]": NaN,
    "Profit Factor": NaN
  }
}