{
  "net_pnl": -659.284359649125,
  "open_positions": 0,
  "realized_pnl": -162.69707250000374,
  "strategy": "HYDRA_BANKNIFTY_STRADDLE",
  "total_fees": 496.5872871491212,
  "total_notional": 0.0,
  "total_pnl": -162.69707250000374,
  "total_trades": 4,
  "unrealized_pnl": 0.0
}