{
  "created_at": "2026-01-21T14:27:04.026748+00:00",
  "engine": "vectorbtpro",
  "fees_bps": 1.0,
  "slippage_bps": 0.5,
  "strategies": {
    "momentum": {
      "Total Return [%]": -3.732335471184342,
      "Sharpe Ratio": -54.83843588112701,
      "Max Drawdown [%]": 3.8510426313226245,
      "Total Trades": 10.0,
      "Win Rate [%]": 10.0,
      "Profit Factor": 0.03364779545536113
    },
    "mean_reversion": {
      "Total Return [%]": -3.975176978643788,
      "Sharpe Ratio": -23.34572560590053,
      "Max Drawdown [%]": 5.455455256964179,
      "Total Trades": 23.0,
      "Win Rate [%]": 60.86956521739131,
      "Profit Factor": 0.3262915285221994
    },
    "vol_gated_momentum": {
      "Total Return [%]": 0.08266494541889813,
      "Sharpe Ratio": 9.46766767566041,
      "Max Drawdown [%]": 0.10593034672369582,
      "Total Trades": 1.0,
      "Win Rate [%]": 100.0,
      "Profit Factor": Infinity
    }
  }
}