{
  "per_symbol_quote_pnl": {
    "BTCUSDT": -9.999999994736442e-9,
    "ETHUSDT": 3.299999999997749e-7
  },
  "qty_scale": 1000000,
  "total_quote_pnl": 3.200000000050385e-7,
  "venue": "binance"
}